﻿Designator,Quantity,Value,Footprint,Package,MPN,DNP,Mount_Type,Description,Manufacturer,Type
"C1, C2, C3, C4",4,100n,C_0603_1608Metric,0603,,,smt,"Unpolarized capacitor, small symbol",Generic,SMD
C5,1,10u,C_0805_2012Metric,,,,smt,"Unpolarized capacitor, small symbol",,
"R1, R11, R12, R13, R14, R15, R16, R17, R18, R21, R22, R23, R24, R25, R26, R27, R28, R31, R32, R33, R34, R35, R36, R37, R38, R41, R42, R43, R44, R45, R46, R47, R48",33,4.7k,R_0603_1608Metric,0603,,,smt,"Resistor, small symbol",Generic,SMD
"U1, U2, U3, U4",4,"74HC595D,118",SOIC-16_3.9x9.9mm_P1.27mm,SO-16,,,smt,8-bit serial in/out Shift Register 3-State Outputs,Nexperia,SMD
U11,1,LD1117S50CTR,SOT-223-3_TabPin2,SOT-223,,,smt,"1A Low Dropout regulator, positive, 5.0V fixed output, SOT-223",STMicro,SMD
