﻿pos_x,pos_y,rotation,side,designator,mpn,pack,footprint,value,mount_type
76.2,17.78,180.0,top,C1,,0603,C_0603_1608Metric,100n,smt
53.34,35.56,-90.0,top,C2,,0603,C_0603_1608Metric,100n,smt
45.72,35.56,-90.0,top,C3,,0603,C_0603_1608Metric,100n,smt
22.86,17.78,180.0,top,C4,,0603,C_0603_1608Metric,100n,smt
43.18,27.94,180.0,top,C5,,,C_0805_2012Metric,10u,smt
35.56,7.62,0.0,top,J1,,,TerminalBlock_bornier-2_P5.08mm,Power,tht
83.82,22.86,180.0,top,J11,,,PinHeader_1x08_P2.54mm_Vertical,GPO,tht
88.9,22.86,180.0,top,J12,,,PinHeader_1x08_P2.54mm_Vertical,GPO,tht
93.98,22.86,180.0,top,J13,,,PinHeader_1x08_P2.54mm_Vertical,GND,tht
25.4,5.08,-90.0,top,J2,,,PinHeader_1x02_P2.54mm_Vertical,Power,tht
71.12,50.8,-90.0,top,J21,,,PinHeader_1x08_P2.54mm_Vertical,GPO,tht
71.12,55.88,-90.0,top,J22,,,PinHeader_1x08_P2.54mm_Vertical,GPO,tht
71.12,60.96,-90.0,top,J23,,,PinHeader_1x08_P2.54mm_Vertical,GND,tht
25.4,10.16,-90.0,top,J3,,,PinHeader_1x02_P2.54mm_Vertical,Power,tht
45.72,50.8,-90.0,top,J31,,,PinHeader_1x08_P2.54mm_Vertical,GPO,tht
45.72,55.88,-90.0,top,J32,,,PinHeader_1x08_P2.54mm_Vertical,GPO,tht
45.72,60.96,-90.0,top,J33,,,PinHeader_1x08_P2.54mm_Vertical,GND,tht
53.34,5.08,-90.0,top,J4,,,PinHeader_1x02_P2.54mm_Vertical,Power,tht
15.24,40.64,0.0,top,J41,,,PinHeader_1x08_P2.54mm_Vertical,GPO,tht
10.16,40.64,0.0,top,J42,,,PinHeader_1x08_P2.54mm_Vertical,GPO,tht
5.08,40.64,0.0,top,J43,,,PinHeader_1x08_P2.54mm_Vertical,GND,tht
53.34,10.16,-90.0,top,J5,,,PinHeader_1x02_P2.54mm_Vertical,Power,tht
71.12,5.08,-90.0,top,J6,,,PinHeader_1x06_P2.54mm_Vertical,Data,tht
71.12,10.16,-90.0,top,J7,,,PinHeader_1x06_P2.54mm_Vertical,Data,tht
53.34,15.24,90.0,top,JP1,,,PinHeader_1x03_P2.54mm_Vertical,~OESEL,tht
53.34,27.94,-90.0,top,R1,,0603,R_0603_1608Metric,4.7k,smt
76.2,22.86,0.0,top,R11,,0603,R_0603_1608Metric,4.7k,smt
76.2,25.4,0.0,top,R12,,0603,R_0603_1608Metric,4.7k,smt
76.2,27.94,0.0,top,R13,,0603,R_0603_1608Metric,4.7k,smt
76.2,30.48,0.0,top,R14,,0603,R_0603_1608Metric,4.7k,smt
76.2,33.02,0.0,top,R15,,0603,R_0603_1608Metric,4.7k,smt
76.2,35.56,0.0,top,R16,,0603,R_0603_1608Metric,4.7k,smt
76.2,38.1,0.0,top,R17,,0603,R_0603_1608Metric,4.7k,smt
76.2,40.64,0.0,top,R18,,0603,R_0603_1608Metric,4.7k,smt
71.12,43.18,90.0,top,R21,,0603,R_0603_1608Metric,4.7k,smt
68.58,43.18,90.0,top,R22,,0603,R_0603_1608Metric,4.7k,smt
66.04,43.18,90.0,top,R23,,0603,R_0603_1608Metric,4.7k,smt
63.5,43.18,90.0,top,R24,,0603,R_0603_1608Metric,4.7k,smt
60.96,43.18,90.0,top,R25,,0603,R_0603_1608Metric,4.7k,smt
58.42,43.18,90.0,top,R26,,0603,R_0603_1608Metric,4.7k,smt
55.88,43.18,90.0,top,R27,,0603,R_0603_1608Metric,4.7k,smt
53.34,43.18,90.0,top,R28,,0603,R_0603_1608Metric,4.7k,smt
45.72,43.18,90.0,top,R31,,0603,R_0603_1608Metric,4.7k,smt
43.18,43.18,90.0,top,R32,,0603,R_0603_1608Metric,4.7k,smt
40.64,43.18,90.0,top,R33,,0603,R_0603_1608Metric,4.7k,smt
38.1,43.18,90.0,top,R34,,0603,R_0603_1608Metric,4.7k,smt
35.56,43.18,90.0,top,R35,,0603,R_0603_1608Metric,4.7k,smt
33.02,43.18,90.0,top,R36,,0603,R_0603_1608Metric,4.7k,smt
30.48,43.18,90.0,top,R37,,0603,R_0603_1608Metric,4.7k,smt
27.94,43.18,90.0,top,R38,,0603,R_0603_1608Metric,4.7k,smt
22.86,40.64,180.0,top,R41,,0603,R_0603_1608Metric,4.7k,smt
22.86,38.1,180.0,top,R42,,0603,R_0603_1608Metric,4.7k,smt
22.86,35.56,180.0,top,R43,,0603,R_0603_1608Metric,4.7k,smt
22.86,33.02,180.0,top,R44,,0603,R_0603_1608Metric,4.7k,smt
22.86,30.48,180.0,top,R45,,0603,R_0603_1608Metric,4.7k,smt
22.86,27.94,180.0,top,R46,,0603,R_0603_1608Metric,4.7k,smt
22.86,25.4,180.0,top,R47,,0603,R_0603_1608Metric,4.7k,smt
22.86,22.86,180.0,top,R48,,0603,R_0603_1608Metric,4.7k,smt
66.04,24.765,180.0,top,U1,,SO-16,SOIC-16_3.9x9.9mm_P1.27mm,74HC595,smt
43.18,19.05,90.0,top,U11,,SOT-223,SOT-223-3_TabPin2,LD1117V50,smt
64.77,35.56,-90.0,top,U2,,SO-16,SOIC-16_3.9x9.9mm_P1.27mm,74HC595,smt
34.925,35.56,-90.0,top,U3,,SO-16,SOIC-16_3.9x9.9mm_P1.27mm,74HC595,smt
33.02,24.765,0.0,top,U4,,SO-16,SOIC-16_3.9x9.9mm_P1.27mm,74HC595,smt
